year,revenue,gross_profit,operating_income,net_income,assets,current_assets,cash,receivables,inventory,liabilities,current_liabilities,equity,cfo,avg_assets,avg_equity,revenue_growth,gross_margin,operating_margin,net_margin,roa,roe,current_ratio,debt_ratio,equity_ratio,cfo_net_income,total_asset_turnover
2016,773140180180.0,290010241060.0,172427929685.0,88344017895.0,986788572274.0,368924210893.0,115579822578.0,110259609625.0,76344777763.0,644871256989.0,274231114801.0,341917315285.0,,,,,0.3751069320863401,0.22302285420589044,0.11426649417500463,,,1.3453039825940813,1.8860444562495389,0.34649500905454383,,
2017,679737743507.0,253567151410.0,143195167751.0,110175088512.0,993950720396.0,353662840900.0,107494652116.0,85706099352.0,75018890438.0,538152774709.0,145225195286.0,455797945687.0,,990369646335.0,398857630486.0,-0.12080918708849708,0.3730367392897151,0.2106623754805891,0.1620847004074968,0.11124643098636773,0.276226603406719,2.4352719251195514,1.1806827560353985,0.45857197578709485,,0.6863475127922828
2018,669279136472.0,215336381927.0,112993142556.0,86828767655.0,1066533839753.0,383378936944.0,119106292852.0,98855165793.0,42891649316.0,508142308509.0,156796450097.0,558391531244.0,,1030242280074.5,507094738465.5,-0.015386238494041082,0.32174375412643513,0.16882812626077906,0.12973475927055522,0.08427994980823457,0.17122790095939314,2.4450740862234306,0.9100107721493315,0.5235572566298681,,0.6496327605809405
2019,807416422918.0,294123785968.0,181292187959.0,104637012339.0,1088889809571.0,426263421167.0,84776806585.0,102020672410.0,51837841227.0,444239079806.0,219715556191.0,644650729765.0,,1077711824662.0,601521130504.5,0.206397120301955,0.3642776857387143,0.2245336889529825,0.1295948526298762,0.09709182913699313,0.1739540093150846,1.940069372222542,0.6891159185811241,0.5920256798242781,,0.7491951043324852
2020,935919766484.0,358884822820.0,239335181312.0,166025591077.0,1178581197181.0,459208127449.0,48293560140.0,102419518776.0,51848769524.0,383996684604.0,261704001422.0,794584512577.0,,1133735503376.0,719617621171.0,0.159153740150082,0.3834568257578683,0.25572190040511505,0.17739297429384754,0.1464412030695118,0.23071362650463498,1.754685159393199,0.4832672655028478,0.6741873317489996,,0.8255186184935103
2021,1214682040178.0,535196603498.0,399106778303.0,316891852008.0,1549937895854.0,815161899425.0,183017846365.0,134935586470.0,66017137668.0,443888189808.0,335336853432.0,1106049706046.0,,1364259546517.5,950317109311.5,0.29784847342335263,0.44060633630474366,0.3285689300588611,0.2608846113848547,0.2322812054472474,0.3334590621414641,2.430874778844728,0.4013275238730898,0.7136090478235438,,0.8903599342798652
2022,1675287533666.0,933217768720.0,768746685740.0,558836662217.0,2122700474808.0,1327724119744.0,151311289546.0,122007611173.0,73768604576.0,484416396415.0,404353962296.0,1638284078393.0,,1836319185331.0,1372166892219.5,0.37919840604583466,0.5570493124113789,0.4588744739583695,0.3335765658054581,0.304324360754456,0.4072658110217727,3.283568960731646,0.2956852250497155,0.7717923926790398,,0.9123073739296724
2023,1154223638940.0,442019182442.0,265437456373.0,264149250979.0,2043378694132.0,1027982955095.0,253329763803.0,109613109613.0,81645551677.0,303296256385.0,220150412233.0,1740082437747.0,,2083039584470.0,1689183258070.0,-0.31102953030741276,0.38295800530297186,0.2299705597927008,0.2288544802475071,0.1268095205431293,0.156376905653687,4.669457325417208,0.17429993533967147,0.851571195659434,,0.5541054752608918
2024,1131167709804.0,386836726833.0,190838683363.0,229385888355.0,2396851168578.0,1194370198832.0,297054100758.0,100427284862.0,70392571642.0,396162364261.0,316866668877.0,2000688804317.0,,2220114931355.0,1870385621032.0,-0.019975270266664902,0.3419799941955805,0.16870945104688945,0.20278680726728507,0.10332162768483305,0.12264096011839234,3.769314718600541,0.1980129860307,0.8347154927871326,,0.5095086267059228
2025,1397233307039.0,500372094499.0,277294561174.0,252582440798.0,2992581747645.0,1435680643640.0,323054472680.0,135007514954.0,97482503602.0,748586290599.0,579178189189.0,2243995457046.0,,2694716458111.5,2122342130681.5,0.23521321810105578,0.3581163517776301,0.1984597416745234,0.1807732749609796,0.09373247416725015,0.11901117974645016,2.4788237375622275,0.3335952790138178,0.7498526844962224,,0.5185084697253095
